subject,mod_act,vr_show_open_date,vr_show_close_date
POLY Bio 181,M1 A1-POLY,2025-09-12,9
POLY Bio 181,M1 A2-POLY,2025-09-19,10
POLY Bio 181,M1 A3-POLY,2025-09-26,10
POLY Bio 181,M4 A1-POLY,2025-10-24,10
POLY Bio 181,M4 A2-POLY,2025-10-31,10
POLY Bio 181,M4 A3-POLY,2025-11-07,10
POLY Bio 182,M5 A1-POLY,2025-09-05,11
POLY Bio 182,M5 A2-POLY,2025-09-10,7
POLY Bio 182,M5 A3-POLY,2025-09-17,7
POLY Bio 182,M6 A1-POLY,2025-11-26,7
POLY Bio 182,M6 A2-POLY,2025-12-03,7
POLY 100,M1 A1-POLY,2025-09-22,6
POLY 100,M1 A2-POLY,2025-09-29,6
POLY 100,M1 A3-POLY,2025-10-06,6
POLY 100,M4 A1-POLY,2025-10-27,6
POLY 100,M4 A2-POLY,2025-11-03,6
POLY 100,M4 A3-POLY,2025-11-17,7
Bio 181,M1 A1,2026-01-16,2026-01-28
Bio 181,M1 A2,2026-01-26,2026-02-04
Bio 181,M1 A3,2026-02-02,2026-02-18
Bio 181,M2 A1,2026-02-16,2026-02-25
Bio 181,M2 A2,2026-02-23,2026-03-04
Bio 181,M2 A3,2026-03-02,2026-03-18
Bio 181,M3 A1,2026-03-16,2026-03-25
Bio 181,M3 A2,2026-03-23,2026-04-01
Bio 181,M3 A3,2026-04-06,2026-04-15
Bio 100,M1 A1,2026-01-16,2026-01-28
Bio 100,M1 A2,2026-01-26,2026-02-04
Bio 100,M1 A3,2026-02-02,2026-02-11
Bio 100,M4 A1,2026-02-09,2026-02-18
Bio 100,M4 A2,2026-02-16,2026-02-25
Bio 100,M4 A3,2026-02-23,2026-03-04
Bio 100,M3 A1,2026-03-16,2026-03-25
Bio 100,M3 A2,2026-03-23,2026-04-01
Bio 100,M3 A3,2026-03-30,2026-04-08
Bio 100,M6 A1,2026-04-06,2026-04-15
Bio 100,M6 A2,2026-04-13,2026-04-22
Bio 100,M6 A3,2026-04-20,2026-04-29
Bio 182,M4 A1,2026-01-27,2026-02-05
Bio 182,M4 A2,2026-02-03,2026-02-12
Bio 182,M4 A3,2026-02-10,2026-02-19
Bio 182,M5 A1,2026-02-24,2026-03-05
Bio 182,M5 A2,2026-03-03,2026-03-19
Bio 182,M5 A3,2026-03-17,2026-03-26
Bio 182,M6 A1,2026-03-31,2026-04-09
Bio 182,M6 A2,2026-04-07,2026-04-16
Bio 182,M6 A3,2026-04-14,2026-04-23
POLY Bio 181,M1 A1-POLY,2026-01-15,2026-01-30
POLY Bio 181,M1 A2-POLY,2026-01-26,2026-02-06
POLY Bio 181,M1 A3-POLY,2026-02-02,2026-02-13
POLY Bio 181,M4 A1-POLY,2026-03-23,2026-04-03
POLY Bio 181,M4 A2-POLY,2026-03-30,2026-04-10
POLY Bio 181,M4 A3-POLY,2026-04-06,2026-04-17
POLY Bio 182,M5 A1-POLY,2026-01-15,2026-01-30
POLY Bio 182,M5 A2-POLY,2026-01-26,2026-02-06
POLY Bio 182,M5 A3-POLY,2026-02-02,2026-02-13
POLY Bio 182,M6 A1-POLY,2026-04-13,2026-04-24
POLY Bio 182,M6 A2-POLY,2026-04-20,2026-05-01
POLY 100,M1 A1-POLY,2026-01-15,2026-01-30
POLY 100,M1 A2-POLY,2026-01-26,2026-02-06
POLY 100,M1 A3-POLY,2026-02-02,2026-02-13
POLY 100,M4 A1-POLY,2026-03-23,2026-04-03
POLY 100,M4 A2-POLY,2026-03-30,2026-04-10
POLY 100,M4 A3-POLY,2026-04-06,2026-04-17
